"Author","Book","City","Chapter","Page","Location","Image","Longitude","Latitude","Context.esp","Context.eng","Characters","Reality","Category","Structure.type","Exactness","ID","Progress"
"Muñoz Gijón","Regañá","Sevilla",1,7,"La basílica de la Macarena","https://thumbs.dreamstime.com/b/seville-nave-church-basilica-de-la-macarena-frescoes-rafael-rodrguez-spain-october-neobaroque-style-47414851.jpg",-5.989546,37.402653,"La ubicación del descubrimiento del primer cadáver; el arma homicida es un afilado trozo de regañá","The location of the discovery of the first victim. The murder weapon is a sharp piece of regañá","José (V1), Elisenda Trastamara","Real","Cuerpo","Municipal",1,1,5
"Muñoz Gijón","Regañá","Sevilla",2,12,"La comisaría de la Policía Nacional","",-5.995929,37.393243,"El destinatario de la primera carta del asesino: Plaza del Duque 2, 41002, HISPALIS.","The addressee of the first letter from the killer: Plaza del Duque 2, 41002, HISPALIS.","","Semi-real","Investigador","Municipal",1,2,8
"Muñoz Gijón","Regañá","Sevilla",3,13,"Estación Santa Justa","https://i.ytimg.com/vi/zorOrhhFIlE/maxresdefault.jpg",-5.975815,37.391586,"Cuando llega a Sevilla de Madrid, el inspector Villanueva conoce a Jiménez, representante de la Jefatura. Villanueva fue convocado para trabajar en el caso de ""El asesino de la regañá""","When he arrives in Seville from Madrid, Inspector Villanueva meets Jiménez, who was sent from the police station. Villanueva was brought in to work on the case of ""The Regañá Assassin""","Villanueva, Jiménez","Real","Investigador","Transport",1,3,9
"Muñoz Gijón","Regañá","Sevilla",3,15,"La comisaría de la Policía Nacional","",-5.995929,37.393243,"Villanueva y Jiménez llegan a la plaza del Duque. Villanueva conoce al comisario principal en la planta séptima","Villanueva and Jiménez arrive in the plaza del Duque. Villanueva meets the police chief for the first time","Villanueva, Jiménez, comisario Miguel Rodriguez Durán","Semi-real","Investigador","Municipal",1,4,10
"Muñoz Gijón","Regañá","Sevilla",4,19,"La fábrica de sombreros","",-5.98871,37.396807,"Una casa okupa que frecuentaba la primera víctima al lado de la Hiniesta. Villanueva y Jiménez vienen aquí para hablar con los compañeros de la víctima. Aprenden que la víctima hizo un videojuego en el que hay que matar nazarenos","An occupied (squatter) house next to the Hiniesta that the first victim used to frecuent. Villanueva and Jiménez come here to talk to the victim's friends. They learn that the victim created a videogame in which one has to kill ""nazarenos""","Villanueva, Jiménez, José Ángel","Semi-real","Investigador","Home",1,5,13
"Muñoz Gijón","Regañá","Sevilla",5,23,"Freiduría La Isla","https://sevilletapas.files.wordpress.com/2007/08/la-isla.jpg?w=558",-5.993996,37.396395,"El segundo cadáver está descubierto aquí en la calle Amor de Dios dentro de la zona de la Alameda, la parte modernita de la ciudad. La regañá es otra vez un parte del asesinato. La víctima es un chef del Ratantal, uno de los restaurantes de cocina de vanguardia de Sevilla","The second body is discovered here on Amor de Dios street within the Alameda district, the classic part of the city. Regañá is again a component of the murder. The victim is a chef at the Rantantal, one of the avant-garde restaurants in Seville","Oriol Fernández (V2), Paco Flores","Fictional","Cuerpo","Bar Restaurant",3,6,15
"Muñoz Gijón","Regañá","Sevilla",6,26,"La comisaría de la Policía Nacional","",-5.995929,37.393243,"La policía recibe otra carta del asesino","The police receive another letter from the victim","Villanueva, Jiménez","Semi-real","Investigador","Municipal",1,7,17
"Muñoz Gijón","Regañá","Sevilla",6,27,"El restaurante Ratantal","https://tse4.mm.bing.net/th?id=OIP.eduBhzgfYPif6yddcnaw4wHaE5&pid=Api",-5.983417,37.388049,"El restaurante (que no existe en realidad) está cerca del acueducto. Villanueva y Jiménez aprenden de los otros empleados que la víctima era catalán y homosexual. Aprenden también que Manuel Ver de Faruso, un hombre conocido en la sociedad, hizo una escena aquí","The restaurant (that doesn't exist in reality) is near the aqueduct. Villanueva and Jiménez learn from the other employees that the victim was Catalonian and homosexual. They also learn that Manuel Ver de Faruso, a well known member of Sevillian society, caused a scene here","Villanueva, Jiménez","Semi-real","Investigador","Bar Restaurant",1,8,18
"Muñoz Gijón","Regañá","Sevilla",7,31,"El chalet de Manuel Ver de Faruso","",-5.973332,37.375701,"Villanueva y Jiménez entrevistan a Manuel Ver de Faruso en su mansión en el Plantinar","Villanueva and Jiménez interview Manuel Ver de Faruso in his mansion in El Plantinar neighborhood","Villanueva, Jiménez, Manuel Ver de Faruso","Fictional","Sospechoso","Home",5,9,21
"Muñoz Gijón","Regañá","Sevilla",8,35,"La comisaría de la Policía Nacional","",-5.995929,37.393243,"Se descubre que la segunda carta tiene una pista: una conexión a la capilla de adoración perpetua","It is discovered that the second letter has a clue: a connection to the chapel of perpetual admiration","Villanueva, Jiménez","Semi-real","Pista","Municipal",1,10,23
"Muñoz Gijón","Regañá","Sevilla",9,39,"Restaurante Casa Diego","",-5.996682,37.388062,"En vez de ir con Villanueva a la capilla, Jiménez va a Casa Diego para comprar y comer tapas. Aunque ""Casa Diego"" es un nombre común, un restaurante así no existe cerca de la capilla en realidad","Instead of accompanying Villanueva to the chapel, Jiménez goes to Casa Diego for tapas. Even though ""Casa Diego"" is a common name, a restaurant like this does not actually exist near the chapel","Jiménez","Fictional","Investigador","Bar Restaurant",3,11,26
"Muñoz Gijón","Regañá","Sevilla",9,39,"Metrocentro (tranvía)","https://cadenaser00.epimg.net/emisora/imagenes/2017/06/20/radio_sevilla/1497938113_642769_1497938297_noticia_normal.jpg",-5.995251,37.38823,"Debido a las procesiones de la Semana Santa, Jiménez y Villanueva necesitan viajar en tranvía a la capilla de San Onofre","Due to the processions of la Semana Santa, Jiménez and Villanueva have to take the tram to the chapel of Saint Onofre","Villanueva, Jiménez","Real","Investigador","Transport",1,12,26
"Muñoz Gijón","Regañá","Sevilla",9,40,"La capilla de San Onofre","http://1.bp.blogspot.com/-ze-ObGyuIU0/VKGfmCcp8pI/AAAAAAAAHaE/boOSluvPvxo/s1600/DSC_6435.jpg",-5.995184,37.388202,"Villanueva intenta detener a un sospechoso, un hombre grande, quien le da un golpe en la mandíbula. Villanueva lo persigue desde la capilla","Villanueva confronts a suspect, a large man, who then elbows him in the jaw. Villanueva pursues him from the chapel","Villanueva, hombre grande","Real","Sospechoso","Church",1,13,27
"Muñoz Gijón","Regañá","Sevilla",9,41,"El sospechoso se choca con Jiménez en la calle","",-5.995522,37.388218,"Una esquina en la que hay una tienda Max Mara","A street corner where there is a Max Mara store","Jiménez, hombre grande","Fictional","Investigador","Exterior",3,14,28
"Muñoz Gijón","Regañá","Sevilla",9,43,"Restaurante Casa Diego","",-5.996682,37.388062,"Uno de los asesinos (el sospechoso de la capilla) compra un paquete de regañá","One of the killers (the suspect from the chapel) buys a packet of regañá","hombre grande","Fictional","Sospechoso","Bar Restaurant",3,15,29
"Muñoz Gijón","Regañá","Sevilla",10,45,"Casa de José Manuel Poto","",-6.134503,37.382674,"Después de encontrar un vinilo de José Manuel y Amigotes, Villanueva y Jiménez visitan al cantante en su casa en Espartinas. En realidad, hay un cantante quien se llama José Manuel Soto","After finding the José Manuel y Amigotes vinyl record, Villanueva and Jiménez visit the singer at his house in Espartinas. There actually exists a singer by the name of José Manuel Soto in real life","Villanueva, Jiménez, José Manuel Poto","Fictional","Sospechoso","Home",5,16,30
"Muñoz Gijón","Regañá","Sevilla",10,45,"Hospital General de la Macarena","https://estaticos.elperiodico.com/resources/jpg/9/0/hospital-virgen-macarena-1516787018109.jpg",-5.986817,37.406729,"Villanueva recibe cuatro puntos aquí","Villanueva gets four stitches here","Villanueva","Real","Descanso","Municipal",1,17,30
"Muñoz Gijón","Regañá","Sevilla",12,53,"El hotel HABA Triana","https://d.otcdn.com/imglib/hotelfotos/8/155/hotel-ribera-de-triana-sevilla-032.jpg",-6.007477,37.389134,"Villanueva recibe una carta misteriosa del mismo estilo de las otras cuando está en su hotel","When he is in his hotel room, Villanueva receives a misterious letter made in the same style as the others","Villanueva","Real","Investigador","Hotel",1,18,36
"Muñoz Gijón","Regañá","Sevilla",13,57,"El albero en el centro de la Maestranza","http://porsolea.com/wp-content/uploads/2014/12/Plaza_de_Toros_de_la_Maestranza-interior-5.jpg",-5.998422,37.385993,"El cuerpo de la tercera víctima, quien había estado involucrado en la lucha antitaurina, está dejado aquí","The body of the third victim, who was an activist against bull fighting","Pere Rubinat (V3), Villanueva, Jiménez","Real","Cuerpo","Monument",1,19,38
"Muñoz Gijón","Regañá","Sevilla",14,59,"Bar Tremendo","http://sevilla.abc.es/Media/201412/12/bar-tremendo-cervezas3--644x362.jpg",-5.988707,37.392967,"Dos hombres discuten los crimenes recientes en el bar y hay una alusión a uno más","Two men discuss the recent crimes in the bar and allude to another","hombre grande, hombre sospechoso","Real","Sospechoso","Bar Restaurant",1,20,40
"Muñoz Gijón","Regañá","Sevilla",15,63,"El hotel HABA Triana","https://d.otcdn.com/imglib/hotelfotos/8/155/hotel-ribera-de-triana-sevilla-032.jpg",-6.007477,37.389134,"Villanueva y Jiménez hablan sobre la dicotomía de modernos (rancios) y clásicos y los lugares más ""clásicos"" de la ciudad","Villanueva and Jiménez discuss the dichotomy of classic versus modern and the most ""classic"" places in the city","Villanueva, Jiménez","Real","Investigador","Hotel",1,21,42
"Muñoz Gijón","Regañá","Sevilla",15,65,"Bar Garlochí","http://clic.es/learn-spanish/wp-content/uploads/2016/09/garlochi.jpg",-5.989441,37.390521,"Villanueva aprende mejor el punto de vista ""clásico"" sobre el asesino de la regañá cuando visita este bar (cuyo nombre significa ""corazón"" en caló) con Jiménez","Villanueva learns more about the ""classic"" point of view concerning the ""Regañá Assassin"" when he visits this bar with Jiménez","Villanueva, Jiménez, Pedro, Santiago","Real","Investigador","Bar Restaurant",1,22,44
"Muñoz Gijón","Regañá","Sevilla",16,69,"Tienda Pasión del Mundo Confrade","https://2.bp.blogspot.com/_XdVeghKv-zM/ScKvl_muR5I/AAAAAAAAASM/t7ffwZdHhYk/s400/TIENDA+023.jpg",-5.995894,37.394698,"Villanueva y Jiménez visitan esta tienda clásica en el Pasaje de los Azahares donde el empleado explica la importancia del número siete en Sevilla","Villanueva and Jiménez visit this classic store on Pasaje de los Azahares where an employee explains the importance of the number seven in Seville","Villanueva, Jiménez, el dependiente","Semi-real","Investigador","Business",2,23,46
"Muñoz Gijón","Regañá","Sevilla",17,73,"La oficina del editor de la revista, ""El Zaguán de Sevilla""","",-6.002891,37.373581,"El autor ubica esta fictícia revista clásica en el barrio de Los Remedios. Villanueva y Jiménez investigan la apariencia de un artículo a favor del asesino escrito por Alvaro Burguillos","The author places this ficticious classic magazine in the neighborhood of Los Remedios. Villanueva and Jiménez investigate an article in favor of the killer written by Alvaro Burguillos","Villanueva, Jiménez, Santiago Ezequiel Bruma","Fictional","Investigador","Business",5,24,49
"Muñoz Gijón","Regañá","Sevilla",18,79,"Hotel Incosol","https://y.cdrst.com/foto/hotel-sf/145b/granderesp/hotel-incosol-medical-spa-general-72fadac.jpg",-4.849604,36.514691,"Villanueva y Jiménez viajan a Marbella para hablar con el autor del artículo en la revista, Alvaro Burguillos, quien le da a Villanueva una nota secreta","Villanueva and Jiménez drive to Marbella to talk to the author of the article in the magazine, Alvaro Burguillos, who gives Villanueva a secret note","Villanueva, Jiménez, Álvaro Burguillos","Semi-real","Pista","Hotel",1,25,53
"Muñoz Gijón","Regañá","Sevilla",19,87,"Casa de Susana Abalde","",-6.034549,37.348958,"Susana Abalde, la arquitecta de la torre Pelli y quien trabajó en Las Setas también, está atacada en su casa en la zona de Simón Verde. Sin embargo, sobrevive la tentativa de estrangulación. Es la cuarta víctima","Susana Abalde, the arquitect of the torre Pelli and who also worked on las Setas, is attacked in her home in the Simón Verde district. However, she survives the killer's attempt to strangle her. She is the fourth victim","Susana Abalde (V4), hombre grande","Fictional","Víctima","Home",5,26,58
"Muñoz Gijón","Regañá","Sevilla",20,91,"Hospital Virgen del Rocío","https://www.diariodesevilla.es/2018/12/08/sevilla/hospital-Virgen-Rocio-Sevilla_1307579815_92304075_667x375.jpg",-5.980586,37.361769,"Susana Abalde viene aquí después del ataque. Villanueva y Jiménez la entrevistan sobre el ataque","Susana Abalde is admitted here. Villanueva and Jiménez question her about the attack","Susana Abalde (V4), hombre grande","Real","Víctima","Municipal",1,27,61
"Muñoz Gijón","Regañá","Sevilla",20,95,"Casa de los hermanos ""Los gachones de Triana"", se llama ""La Omaíta""","",-6.051528,37.351687,"La nota del periodista dirige a Villanueva y Jiménez a la casa de los humoristas, ""Los Gachones de Triana"" en el Aljarafe. Uno de los dos hermanos del dúo cómico revela que su hermano, Carlos, ha desaparecido y puede ser que haya una conexión con el grupo, Serva la Bari, porque era un miembro, pero deseaba abandonar el grupo","The note from the journalist leads Villanueva and Jiménez to the house of a comedy duo, ""Los Gachones de Triana"" in Aljarafe. One of the brothers of the duo reveals that his brother, Carlos, has disappeared and that there might be a problem with the group, Serva la Bari, because he had been a member but wanted to leave","José (humorista), Villanueva, Jiménez","Fictional","Investigador","Home",5,28,64
"Muñoz Gijón","Regañá","Sevilla",22,101,"Parada del Metro de Madrid, ""Sevilla""","http://www.viamadridtv.es/wp-content/uploads/2018/04/madrid-metro-sevilla.jpg",-3.699272,40.418062,"Juan Gálvez, uno de los líderes de los Ultrasur está descubierto, muerto, en una parada del Metro en Madrid que se llama Sevilla. Es la quinta víctima, el cuarto muerto. Serva la Bari había usado los Ultrasur para ejecutar una serie de palizas","Juan Gálvez, one of the leaders of the Ultrasur is discovered dead in a stop of the Madrid Metro stop named ""Sevilla"". He is the fifth victim, the forth to die. Serva la Bari had used the Ultrasur to carry out a series of beatings","Juan Gálvez (V5)","Real","Cuerpo","Transport",1,29,68
"Muñoz Gijón","Regañá","Sevilla",23,103,"Fábrica de Cruzcampo (cerveza)","https://sevillabuenasnoticias.com/wp-content/uploads/2019/04/cruzcampo.jpg",-5.96394,37.387919,"La policía encuentra al quinto muerto en uno de los depósitos de cerveza. Jiménez adivina la ubicación de la cadáver de una carta enviada al ABC del asesino de la regañá","The sixth victim is found in a giant vat of beer. Jiménez predicts the location of the body from a letter sent to ABC from the Assassin of the Regañá","Claudio França (V6), Villanueva, Jiménez","Semi-real","Cuerpo","Business",1,30,69
"Muñoz Gijón","Regañá","Sevilla",24,107,"Tanatorio del (hospital) Virgen del Rocío","https://www.diariodesevilla.es/2018/12/08/sevilla/hospital-Virgen-Rocio-Sevilla_1307579815_92304075_667x375.jpg",-5.979752,37.362094,"La policía está aquí con el quinto cadáver. La víctima era un homosexual brasileño que tenía una tienda pija de delicattesens. Villanueva habla con el novio de la víctima","The police are here with the sixth body. The victim was a homosexual Brasilian that owned a trendy delicattessen. Villanueva talks to the victim's boyfriend","Villanueva, Antonio","Real","Cuerpo","Municipal",1,31,72
"Muñoz Gijón","Regañá","Sevilla",25,111,"La Giralda","https://urbansevilla.es/wp-content/uploads/2019/06/la-giralda-sevilla-airpano.jpg",-5.992701,37.386207,"Dos miembros del grupo ""Serva la Bari"" discuten sus planes aquí","Two members of the group ""Serva la Bari"" discuss their plans here","","Real","Sospechoso","Monument",1,32,74
"Muñoz Gijón","Regañá","Sevilla",26,115,"Bar Blanco Cerrillo","",-5.995609,37.391342,"Villanueva encountra el bar en la calle Tetuán y toma una cerveza mientras que piensa en el caso","Villanueva drinks a beer while he ponders the case in this bar on Tetuán street","Villanueva, Nicolás Baras","Real","Descanso","Bar Restaurant",1,33,77
"Muñoz Gijón","Regañá","Sevilla",26,118,"Librería en calle Tetuán","",-5.99547,37.39158,"Después de conocer al escritor, Nicolás Baras, fuera del bar, Villanueva busca una obra escrita por él en la librería","After meeting the writer, Nicolás Baras, outside the bar, Villanueva looks for one of his books in a nearby bookstore","Villanueva","Semi-real","Investigador","Business",3,34,79
"Muñoz Gijón","Regañá","Sevilla",27,121,"Casa-Palacio en el centro de Sevilla (San Jose?)","http://sevilla.spain-select.com/file_upload/property/photos/388x233/_dsc2593_388x233_31241.jpg",-5.991215,37.388568,"Se descubre el séptimo muerto, un diseñador de moda quien tenía una tiende cerca de La Campana. Fue matado con Agerul, un quitagrasas hecho en Sevilla, y un trozo de regañá","The seventh victim, a fashion designer, is discovered. He was killed with Agerul, a cleaning agen made in Sevilla, and a piece of regañá","Nino Piriti (V7), Villanueva, Jiménez","Fictional","Cuerpo","Home",5,35,81
"Muñoz Gijón","Regañá","Sevilla",28,125,"Tienda de ropa de Susy Marín Mayoral","",-5.988145,37.402513,"Susy Marín Mayoral es una diseñadora de trajes del estilo sevillano. Después de descubrir que el asesino usó su traje para atar al última victima, Villanueva y Jiménez vienen aquí para entrevistarle. El showroom ha sido robado y Susy no era consciente del asesinato.  La novela no da una ubicación exacta del lugar","Susy Marín Mayoral is a designer of Sevillian-style outfits. After discovering that the killer used her dress to tie up the last victim, Villanueva and Jiménez come here to interview her. The showroom has been robbed and Susy was not aware of the murder. The novel doesn't give an exact location of the showroom","Villanueva, Jiménez, Susy Marín Mayoral","Fictional","Víctima","Business",5,36,84
"Muñoz Gijón","Regañá","Sevilla",29,129,"La comisaría de la Policía Nacional","",-5.995929,37.393243,"La policía recibe otra carta. El comisario echa a Villanueva porque no puede resolver el caso","The police receive another letter. The police chief dismisses Villanueva because he didn't solve the case","Villanueva, Jiménez, comisario Miguel Rodríguez Durán","Semi-real","Investigador","Municipal",1,37,87
"Muñoz Gijón","Regañá","Sevilla",30,131,"Un Cash María (tipo de supermercado) fuera de la ciudad","",-6.035886,37.423235,"En realidad, Cash Badía es una tienda para comprar comida a granel (como Sam's Club). Miembros de Serva la Bari cajas de cartón. Un hombre trajeado, quien parece un líder, va adentro y revela Carlos, el humorista desaparecido, atado a una silla.","In reality, Cash Badía is a bulk food store (like Sam's Club.) Members of Serva la Bari deliver cardboard boxes. A well-dressed man who appears to be the leader goes inside and reveals Carlos, the missing comedian, tied to a chair","Carlos (humorista)","Semi-real","Víctima","Business",5,38,88
"Muñoz Gijón","Regañá","Sevilla",31,135,"El hotel HABA Triana","https://d.otcdn.com/imglib/hotelfotos/8/155/hotel-ribera-de-triana-sevilla-032.jpg",-6.007477,37.389134,"Villanueva repasa el caso en su cuarto, convencido de que los crímenes no van a parar. Descubre un mensaje escondido en el disco de José Manuel Poto que lo dirige a Las Setas","Villanueva continues to review the case in his room, convinced that the crimes won't stop. He discovers a hidden message in the José Manuel Poto CD that leads him to las Setas","Villanueva","Real","Pista","Hotel",1,39,91
"Muñoz Gijón","Regañá","Sevilla",32,139,"Las Setas","https://nicoleabeatty.files.wordpress.com/2015/01/sevilla-setas.jpg",-5.991921,37.393343,"Villanueva corre desde su hotel hasta aquí, al descubrir que Serva La Bari está a punto de atacar este monumento por ser moderno. Confronta a Juan Arrima y está salvado por Jiménez, quien le dispara al nazareno. Rescatan a Carlos y salvan el monumento","Villanueva runs here from his hotel after discovering that Serva la Bari is about to attack the modern monument. He confronts Juan Arrima, who he had confronted earlier in the chapel of Saint Onofre. Jiménez comes to the rescue and shoots the Nazarene. They rescue Carlos and save the monument","Villanueva, Jiménez, hombre grande, Carlos (humorista)","Real","Investigador","Monument",1,40,93
"Muñoz Gijón","Regañá","Sevilla",33,147,"La comisaría de la Policía Nacional","",-5.995929,37.393243,"El comisario da un comunicado de prensa en la Comisaría. Villanueva se despide de Jiménez y sale en un taxi","The police chief gives a press conference in the police station. Villanueva says goodbye to Jiménez and leaves via taxi","Villanueva, Jiménez, comisario Miguel Rodríguez Durán","Semi-real","Investigador","Municipal",1,41,99
"Muñoz Gijón","Regañá","Sevilla",34,149,"Panadería en Castilleja de la Cuesta","",-6.053323,37.387297,"Los miembros de Serva la Bari se reunen aquí a las 4 de la madrugada, en secreto. El comisario de policía, recién jubilado, es el nuevo miembro. Empiezan a hacer planes para la Feria","The members of Serva la Bari meet here, in secret, at four in the morning. The police chief, recently retired, es the newest member. They begin to make plans for the Feria","Hermano Mayor, Álvaro Burguillos, comisario Miguel Rodríguez Durán","Semi-real","Sospechoso","Business",5,42,100
"Muñoz Gijón","Palodú","Sevilla",1,21,"El tapón de Matalascañas","http://www.buscokite.com/wp-content/uploads/2016/11/image_98710_jpeg_800x600_q85.jpg",-6.568087,37.005212,"Los miembros de Serva la Bari matan al periodista Álvaro Burguillos aqui","The members of Serva la Bari kill the journalist Álvaro Burguillos here","Álvaro Burguillos (V1), Melena, Serva la Bari, Hermano Mayor","Semi-real","Cuerpo","Monument",1,1,1
"Muñoz Gijón","Palodú","Sevilla",2,95,"Gimnasio en Pozuelo","",-3.800281,40.449152,"Jiménez pide a Villanueva que venga a Sevilla ","Jiménez asks Villanueva to come to Sevilla","Villanueva, Jiménez","Fictional","Investigador","Gym",5,2,7
"Muñoz Gijón","Palodú","Sevilla",3,115,"Bar Pepe Donaire","",-5.998022,37.380511,"Miembros de Serva la Bari discuten su último plan","Members of Serva la Bari discuss their latest plan","Serva la Bari","Fictional","Sospechoso","Bar Restaurant",1,3,8
"Muñoz Gijón","Palodú","Sevilla",4,155,"Estación Santa Justa","https://i.ytimg.com/vi/zorOrhhFIlE/maxresdefault.jpg",-5.975815,37.391586,"Villanueva llega a Sevilla","Villanueva arrives in Seville","Villanueva, Jiménez","Real","Investigador","Transport",1,4,11
"Muñoz Gijón","Palodú","Sevilla",5,190,"El tapón de Matalascañas","http://www.buscokite.com/wp-content/uploads/2016/11/image_98710_jpeg_800x600_q85.jpg",-6.568087,37.005212,"La policía investiga la escena del crimen donde encuentran un pelo largo","The police investigate the crime scene where they find a long hair","Villanueva, Jiménez, El forense","Real","Pista","Monument",1,5,13
"Muñoz Gijón","Palodú","Sevilla",6,251,"La comisaría de la Policía Nacional","",-5.995929,37.393243,"La comisaria Cruz revela el primer mensaje","Comissioner Cruz reveals the first message","Villanueva, Jiménez, comisaria Cruz","Semi-real","Investigador","Municipal",1,6,18
"Muñoz Gijón","Palodú","Sevilla",7,292,"El módulo de máxima seguridad de Sevilla II","",-5.407135,37.160844,"Villanueva y Jiménez interrogan a José Manuel Poto aqui","Villanueva and Jiménez interrogate José Manuel Poto here","Villanueva, Jiménez, José Manuel Poto","Real","Investigador","Municipal",2,7,20
"Muñoz Gijón","Palodú","Sevilla",8,327,"El módulo de máxima seguridad de Sevilla II","",-5.407135,37.160844,"Villanueva y Jiménez interrogan a José Manuel Poto aqui","Villanueva and Jiménez interrogate José Manuel Poto here","Villanueva, Jiménez, José Manuel Poto","Real","Investigador","Municipal",2,8,23
"Muñoz Gijón","Palodú","Sevilla",9,356,"La comisaría de la Policía Nacional","",-5.995929,37.393243,"Villanueva y Jiménez avisan la comisaria de que va a haber un segundo cuerpo","Villanueva and Jiménez inform the comissioner that there will be a second death","Villanueva, Jiménez, comisaria Cruz","Semi-real","Investigador","Municipal",1,9,25
"Muñoz Gijón","Palodú","Sevilla",10,379,"La antigua Sede Sevillana de Conciertos","",-5.994733,37.391623,"Jiménez muestra este sitio desconocido a Villanueva","Jiménez shows Villanueva this old landmark of the city","Villanueva, Jiménez","Semi-real","Descanso","Monument",3,10,27
"Muñoz Gijón","Palodú","Sevilla",11,418,"La hermandad del cachorro","",-6.01089,37.389506,"El cuerpo del anterior comisario cae desde arriba de la portada","The body of the previous comissioner falls from the top of the church","comisario Miguel Rodriguez Durán (V2), Villanueva, Jiménez","Real","Cuerpo","Church",1,11,29
"Muñoz Gijón","Palodú","Sevilla",12,472,"La comisaría de la Policía Nacional","",-5.995929,37.393243,"La policia se hablan con la viuda del ex-comisario muerto","The police meet the widow of the dead ex-comissioner","Villanueva, Jiménez, comisaria Cruz, Araceli Carranza","Semi-real","Investigador","Municipal",1,12,33
"Muñoz Gijón","Palodú","Sevilla",13,525,"La comisaría de la Policía Nacional","",-5.995929,37.393243,"La comisaria Cruz revela el descubrimiento de otro pelo largo, de un hombre","Comissioner Cruz reveals the discovery of more long hair, but of a man","Villanueva, Jiménez, comisaria Cruz","Semi-real","Pista","Municipal",1,13,37
"Muñoz Gijón","Palodú","Sevilla",14,547,"Plaza de San Francisco","",-5.993448,37.389563,"Villanueva coma unas gallegas aqui","Villanueva eats some gallegas","Villanueva","Fictional","Descanso","Bar Restaurant",5,14,38
"Muñoz Gijón","Palodú","Sevilla",14,586,"Bar Garlochí","http://clic.es/learn-spanish/wp-content/uploads/2016/09/garlochi.jpg",-5.989441,37.390521,"Villanueva descubre este bar clasico sevillano","Villanueva discovers this classic sevillan bar","Villanueva, Pepe","Real","Descanso","Bar Restaurant",1,15,41
"Muñoz Gijón","Palodú","Sevilla",15,645,"Los ponis de la Feria","",-5.999838,37.369718,"El tercer cuerpo esta descubierto aqui ","The third body is found here","Melinda (V3), Villanueva, Jiménez","Fictional","Cuerpo","Monument",1,16,45
"Muñoz Gijón","Palodú","Sevilla",16,661,"La tienda de gofres en la calle costillares","",-6.003971,37.370147,"La tienda esta cerrada, pero hay un mensaje desde los asesinos","The shop is shut, but there is a message left by the killers","Villanueva, Jiménez","Fictional","Investigador","Bar Restaurant",1,17,46
"Muñoz Gijón","Palodú","Sevilla",17,680,"Bar el Uno de San Roman","",-5.986311,37.394743,"Miembros de Serva la Bari dan la proxima tarea a melena","Members of Serva la Bari assign melena his next task","Melena, Serva la Bari","Real","Sospechoso","Bar Restaurant",1,18,48
"Muñoz Gijón","Palodú","Sevilla",18,704,"Caseta en el Real","",-5.999838,37.369718,"Jiménez y Villanueva pasan por la Feria y aprenden del acuerdo con Mahou","Jiménez shows Villanueva around Feria where they learn about the city deal with Mahou","Villanueva, Jiménez","Fictional","Descanso","Bar Restaurant",1,19,49
"Muñoz Gijón","Palodú","Sevilla",19,758,"La Pata de Pollo Coronada","",-5.99989,37.371289,"Jiménez lleva Villanueva a este sitio local","Jiménez takes Villanueva to this local spot","Villanueva, Jiménez","Fictional","Descanso","Bar Restaurant",1,20,53
"Muñoz Gijón","Palodú","Sevilla",20,782,"La comisaria en la calle Betis","",-6.000288,37.383841,"Javier ""el petaíto"" se entrega como el reponsable para los asesinatos","Javier ""el petaíto"" turns himself in as the man responsible for the murders","Villanueva, Jiménez, comisaria Cruz, Javier ""el petaíto de Montesión""","Fictional","Investigador","Municipal",1,21,55
"Muñoz Gijón","Palodú","Sevilla",21,827,"Ayuntamiento de Sevilla","",-5.994462,37.388658,"El alcalde insiste que irá a la Feria","The mayor insists that he will go to la Feria","Villanueva, Jiménez, José Ignacio Podio","Real","Investigador","Municipal",1,22,58
"Muñoz Gijón","Palodú","Sevilla",21,859,"Edifico de muebles matamoros","",-5.997277,37.371738,"Melena dispara al alcalde desde el piso 12 del edifico de muebles de matamoros","Melena fires a shot at the mayor from his position on the 12th floor of the Matamoros building","Melena","Real","Sospechoso","Business",1,23,60
"Muñoz Gijón","Palodú","Sevilla",22,859,"El Real de la Feria","",-5.999838,37.369718,"El tiro no hiere el alcalde fatalmente, afortunadamente","The shot does not hurt the mayor fatally, thankfully","Villanueva, Jiménez, José Ignacio Podio (V4)","Real","Víctima","Exterior",1,24,60
"Muñoz Gijón","Palodú","Sevilla",24,890,"Edifico de muebles matamoros","",-5.997277,37.371738,"La policia investiga el lugar desde cual él sospechosp disparó el tiro y descubren unas pistas","The police investigate the place from where the shot was fired and find some clues","Villanueva, Jiménez","Real","Pista","Business",1,25,62
"Muñoz Gijón","Palodú","Sevilla",25,922,"El Real de la Feria","",-5.999838,37.369718,"Jiménez introduce Villanueva a Rafael, un amigo suyo quien trabaja como maletero","Jiménez introduces Villanueva to his friend Rafael who works as a porter","Villanueva, Jiménez, Rafael","Semi-real","Investigador","Exterior",3,26,64
"Muñoz Gijón","Palodú","Sevilla",26,967,"Caseta el garbanzo negro","",-5.999838,37.369718,"El cuarto víctima esta sentado en una nevera de la cocina","The fourth victim is found dead sitting in a refrigerator of the restaurant","Empani (V5), Villanueva, Jiménez","Semi-real","Cuerpo","Bar Restaurant",2,27,68
"Muñoz Gijón","Palodú","Sevilla",28,1018,"El módulo de máxima seguridad de Sevilla II","",-5.407135,37.160844,"Villanueva amenaza Poto para que le divulge la informacion que tiene sobre los muertos","Villanueva threatens Poto to give up the information he is hiding","Villanueva, José Manuel Poto","Real","Investigador","Municipal",1,29,71
"Muñoz Gijón","Palodú","Sevilla",31,1041,"La plaza de España","",-5.987004,37.377301,"La policia vacia el lago siguiendo el instinto de Villanueva y descubren un cadaver dentro","The police drain the lake based on Villanueva's hunch and discover a body under","Eduardo Prieto (V6), Villanueva, Jiménez, comisaria Cruz","Real","Cuerpo","Exterior",1,30,73
"Muñoz Gijón","Palodú","Sevilla",32,1087,"Un bajo en Rochelambert","",-5.952084,37.373248,"Villanueva y Jiménez hablan con una periodista quien coincidió con el último victima","Villanueva and Jiménez talk to a colleague of the recent victim","Villanueva, Jiménez, Eva María Maladías","Fictional","Investigador","Home",1,31,76
"Muñoz Gijón","Palodú","Sevilla",33,1135,"la Carbonería","",-5.987111,37.387859,"Villanueva se reune con un miembro de Serva la Bari aqui","Villanueva meets a member of Serva la bari in this restaurant","Villanueva, Hermano Mayor, Serva la Bari","Real","Investigador","Bar Restaurant",1,32,79
"Muñoz Gijón","Palodú","Sevilla",34,1164,"Bar Garlochí","http://clic.es/learn-spanish/wp-content/uploads/2016/09/garlochi.jpg",-5.989441,37.390521,"Villanueva entra el bar de Pepe donde Pepe le da una droga para que se relaje","Villanueva enters Pepe's bar where Pepe offers him some drugs to relax","Villanueva, Pepe","Real","Descanso","Bar Restaurant",1,33,81
"Muñoz Gijón","Palodú","Sevilla",36,1201,"Bar Garlochí","http://clic.es/learn-spanish/wp-content/uploads/2016/09/garlochi.jpg",-5.989441,37.390521,"Villanueva recibe una servilleta con una pista de Pepe","Villanueva receives a napkin with a hint from Pepe","Villanueva, Pepe","Real","Pista","Bar Restaurant",1,34,84
"Muñoz Gijón","Palodú","Sevilla",37,1256,"Bar el Uno de San Roman","",-5.986311,37.394743,"Villanueva entra el bar Uno de San Román donde se da cuenta del plan debido a lo que el loro dice","Villanueva enter the bar Uno del San Román where he finally realizes the plan because of something the parrot says","Villanueva","Real","Pista","Bar Restaurant",1,35,88
"Muñoz Gijón","Palodú","Sevilla",38,1294,"Calle Matahacas","",-5.985672,37.394275,"Villanueva va corriendo a la fábrica de Mahou","Villanueva runs down to the Mahou factory ","Villanueva","Real","Investigador","Exterior",1,36,90
"Muñoz Gijón","Palodú","Sevilla",39,1310,"Fábrica de Mahou","",-5.926791,37.383865,"Villanueva y Jiménez vienene a la fábrica de Mahou","Villanueva and Jiménez reach the Mahou factory","Villanueva, Jiménez","Fictional","Investigador","Business",1,37,92
"Muñoz Gijón","Palodú","Sevilla",40,1330,"Fábrica de Mahou","",-5.926791,37.383865,"Villanueva y Jiménez intentan parar a Serva la bari y salvar a la comisaria Cruz pero petaíto lo logra en fin","Villanueva and Jiménez confront the memebrs of Serva la Bari and try to save comissioner Cruz, but petatíto saves the day","Villanueva, Jiménez, comisaria Cruz, Javier ""el petaíto de Montesión"", Serva la Bari, Melena","Fictional","Investigador","Business",1,38,93
"Muñoz Gijón","Palodú","Sevilla",41,1407,"La comisaría de la Policía Nacional","",-5.995929,37.393243,"La policia hablan con la prensa","The police talk to the press","VIllanueva, Jiménez, comisaria Cruz","Semi-real","Investigador","Municipal",1,39,98
"Muñoz Gijón","Palodú","Sevilla",43,1430,"El módulo de máxima seguridad de Sevilla II","",-5.407135,37.160844,"Poto recibe un mensaje del Hermano Mayor sobre el proximo plan","Poto receives a message from Hermano Mayor about the next plan","José Manuel Poto, Hermano Mayor","Real","Sospechoso","Municipal",1,40,100
"Muñoz Gijón","Sevilla Este","Sevilla",1,8,"Catacumbas de FIBES","",-5.932821,37.404194,"Miembros de Serva la Bari recuperan el monstruo ""Barbudo"" ","Members of Serva la Bari revive the monster ""Barbudo""","Barbudo, Hermano Mayor, Serva la Bari","Semi-real","Sospechoso","Municipal",1,1,2
"Muñoz Gijón","Sevilla Este","Sevilla",2,28,"Mateos Gago","",-5.991415,37.386136,"Jimenez ve un grupo de gente arremolinada cerca de una unidad móvil de Andalucía Directo emitiendo","Jiménez sees a group of people surrounding a press truck of Andalucia Directo","Jiménez","Real","Investigador","Exterior",3,2,6
"Muñoz Gijón","Sevilla Este","Sevilla",3,28,"La Giralda","https://urbansevilla.es/wp-content/uploads/2019/06/la-giralda-sevilla-airpano.jpg",-5.992701,37.386207,"El arco inclinado de la Giralda se queda recta","The inclined arch of the Giralda is now straight","","Real","Sospechoso","Monument",1,3,6
"Muñoz Gijón","Sevilla Este","Sevilla",5,40,"Comisaría en Madrid","",-3.710223,40.421607,"Jiménez llama a Villanueva para avisarle sobre el asesinato","Jiménez calls Villanueva to inform him of the death","Villanueva, Jiménez","Real","Investigador","Municipal",1,4,8
"Muñoz Gijón","Sevilla Este","Sevilla",6,44,"FNAC en Sevilla con el primer mensaje de Serva La Bari","",-5.994434,37.387237,"Tienda con el primer mensaje de Serva La Bari escrito en las ventanas","The bookstore with the first message from Serva la Bari","Villanueva, Jiménez","Semi-real","Investigador","Municipal",1,5,9
"Muñoz Gijón","Sevilla Este","Sevilla",6,48,"Plaza Sony de la Expo '92","",-6.004319,37.412191,"Primer cuerpo esta descubierto aqui, lo de Curro quien era la mascota de la Expo '92","The first body is found here, it is ""Curro"", the mascot of Expo '92","Richardo ""Curro"" Agustín (V1)","Semi-real","Cuerpo","Municipal",1,6,10
"Muñoz Gijón","Sevilla Este","Sevilla",7,52,"Casa baja en Rochelambert","",-5.952084,37.373248,"Villanueva y Jiménez hablan con Palmerín y su esposa, amigos del primer víctima","Villanueva and Jiménez talk with Palmerín and his wife, friends of the first victim","Villanueva, Jiménez, Palmerín, mujer de Palmerín","Fictional","Investigador","Home",5,7,11
"Muñoz Gijón","Sevilla Este","Sevilla",8,68,"Bar El Gollete","",-5.994291,37.390666,"Villanueva viene a beber un whiskey","Villanueva comes here to drink a whisky","Villanueva","Fictional","Descanso","Bar Restaurant",3,8,14
"Muñoz Gijón","Sevilla Este","Sevilla",9,78,"Tanatorio del (hospital) Virgen del Rocío","https://www.diariodesevilla.es/2018/12/08/sevilla/hospital-Virgen-Rocio-Sevilla_1307579815_92304075_667x375.jpg",-5.979752,37.362094,"El forense revela que el cuerpo tiene la cara llena de Betadine y que todos sus huesos rotos","The forensic doctor reveals that all the bones in the body are broken","Villanueva, Jiménez, Antonio Povedano","Real","Pista","Municipal",1,9,16
"Muñoz Gijón","Sevilla Este","Sevilla",10,84,"El Círculo Mercantil","",-5.994271,37.390331,"Miembros de Serva la Bari reunen aquí","Members of Serva la Bari meet here","Hermano Mayor, Serva la Bari","Real","Sospechoso","Business",1,10,18
"Muñoz Gijón","Sevilla Este","Sevilla",11,98,"El hotel HABA Triana","https://d.otcdn.com/imglib/hotelfotos/8/155/hotel-ribera-de-triana-sevilla-032.jpg",-6.007477,37.389134,"Villanueva habla con la comisaría","Villanueva speaks to the comissioner","Villanueva, comisaria Cruz","Semi-real","Investigador","Hotel",1,11,21
"Muñoz Gijón","Sevilla Este","Sevilla",12,102,"El Estadio Olímpico","",-6.004562,37.417092,"El segundo cuerpo esta descubierto aquí, ahogado en el estadio llena de agua. Era el alcalde durante la Expo '92","The second body is found here, drowned in the flooded stadium. It is the mayor during the Expo '92","Alejandro Rosas Barcos (V2), Villanueva, Jiménez","Real","Cuerpo","Municipal",1,12,22
"Muñoz Gijón","Sevilla Este","Sevilla",13,112,"La comisaría de la Policia Nacional","",-5.995929,37.393243,"La comisaría dice que han penetrado en Serva La Bari y que ellos tienen una máquina para control el tiempo","The comissioner says that the police have infilitrated Serva la Bari and that they know about a machine that can control the weather","Villanueva, Jiménez, comisaria Cruz","Real","Pista","Municipal",1,13,24
"Muñoz Gijón","Sevilla Este","Sevilla",14,122,"El hotel HABA Triana","https://d.otcdn.com/imglib/hotelfotos/8/155/hotel-ribera-de-triana-sevilla-032.jpg",-6.007477,37.389134,"Jiménez revela que segun sus recursos, Serva la Bari tiene un tipo de monstruo","Jiménez reveals that according to his sources Serva la Bari have some kind of monster","Villanueva, Jiménez","Real","Pista","Hotel",1,14,26
"Muñoz Gijón","Sevilla Este","Sevilla",15,134,"El hotel HABA Triana","https://d.otcdn.com/imglib/hotelfotos/8/155/hotel-ribera-de-triana-sevilla-032.jpg",-6.007477,37.389134,"Mensaje en la tele amenazando a Villanueva","A message on the television threatening Villanueva","Villanueva, Jiménez","Real","Sospechoso","Hotel",1,15,28
"Muñoz Gijón","Sevilla Este","Sevilla",16,140,"Ayuntamiento de Sevilla","",-5.994462,37.388658,"Villanueva y Jiménez hablan con el alcalde sobre el mensaje amenazante","Villanueva and Jiménez talk to the mayor about the threatening message","Villanueva, Jiménez, José Ignacio Podio","Real","Investigador","Exterior",1,16,30
"Muñoz Gijón","Sevilla Este","Sevilla",17,148,"Antiguo hospital psiquiátrico de Miraflores","",-5.954271,37.422996,"Villanueva y Jiménez separan y Barbudo pelea a Villanueva","Villanueva and Jiménez separate, and Barbudo attacks Villanueva","Villanueva, Barbudo","Semi-real","Investigador","Municipal",1,17,31
"Muñoz Gijón","Sevilla Este","Sevilla",18,156,"Antiguo hospital psiquiátrico de Miraflores","",-5.954271,37.422996,"Jiménez encontra el tercer cuerpo, lo de un rapero","Jiménez finds the third body, of a rapper","Tote Ring (V3), Jiménez","Semi-real","Cuerpo","Municipal",1,18,33
"Muñoz Gijón","Sevilla Este","Sevilla",19,160,"Tanatorio del (hospital) Virgen del Rocío","https://www.diariodesevilla.es/2018/12/08/sevilla/hospital-Virgen-Rocio-Sevilla_1307579815_92304075_667x375.jpg",-5.979752,37.362094,"Villanueva y Jiménez hablan con Javier, amigo de Tote Ring","Villanueva and Jiménez talk to Javier,a friend of Tote Ring","Villanueva, Jiménez, Javier, Paná","Real","Investigador","Municipal",1,19,34
"Muñoz Gijón","Sevilla Este","Sevilla",20,182,"Restaurante el Menda","",-5.938731,37.402084,"Villanueva y Jiménez cuestionan a Antonio de sus clientes","Villanueva and Jiménez question Antonio about his clients","Villanueva, Jiménez, Antonio","Semi-real","Investigador","Bar Restaurant",1,20,38
"Muñoz Gijón","Sevilla Este","Sevilla",21,202,"Bar cerca de Ministerio del Interior","",-3.689357,40.426315,"Jiménez descansa en un bar mientras Villanueva está en el Ministerio del Interior","Jiménez rests at a bar while Villanueva enters the Ministry of Interior","Jiménez","Fictional","Descanso","Bar Restaurant",3,21,43
"Muñoz Gijón","Sevilla Este","Sevilla",21,202,"Ministerio del Interior","",-3.690777,40.426855,"Villanueva va al Ministerio del interior para conseguir informacion","Villanueva goes to the Ministry of Interior to get some information","Villanueva","Real","Investigador","Municipal",1,22,43
"Muñoz Gijón","Sevilla Este","Sevilla",22,214,"Bar Lambuzo","",-3.708124,40.418801,"Jiménez cambia de ubicacion a este bar sevillano y invita a Villanueva aqui, donde hablan con Pepe sobre Manuel Poto","Jiménez moves to a different bar, where he invites Villanueva. They talk to Pepe about José Mauel Poto","Villanueva, Jiménez, Pepe","Real","Investigador","Bar Restaurant",1,23,45
"Muñoz Gijón","Sevilla Este","Sevilla",23,228,"Bar Guay No?","",-3.698644,40.421667,"Villanueva y Jiménez vienen a este Gay bar para conseguir la autorización del director general para ver a Poto","Villanueva and Jiménez come to this gay bar to get the signature of the director general so they can see Poto","Villanueva, Jiménez, Pere Rovirat","Semi-real","Investigador","Bar Restaurant",1,24,48
"Muñoz Gijón","Sevilla Este","Sevilla",25,266,"Pajaritos de Triana","",-6.008589,37.381803,"El cuarto cuerpo está descubierto qui, por la hija del dueño de este bar","The fourth body is discovered by the daughter of the owner of this bar","Norberto (V4)","Semi-real","Cuerpo","Bar Restaurant",1,25,56
"Muñoz Gijón","Sevilla Este","Sevilla",25,266,"Pajaritos de Triana","",-6.008589,37.381803,"Villanueva y Jiménez hablan con la hija de Norberto, el cuarto víctima, dueño de este bar famoso","Villanueva and Jiménez talk to the daughter of the fourth victim","Villanueva, Jiménez","Semi-real","Cuerpo","Bar Restaurant",1,26,56
"Muñoz Gijón","Sevilla Este","Sevilla",27,280,"El hotel HABA Triana","https://d.otcdn.com/imglib/hotelfotos/8/155/hotel-ribera-de-triana-sevilla-032.jpg",-6.007477,37.389134,"Villanueva ve la entrevista con el Hermano Mayor en la tele","Villanueva watches the interview with Hermano Mayor","Villanueva","Real","Investigador","Hotel",1,27,59
"Muñoz Gijón","Sevilla Este","Sevilla",28,292,"Despacho de Jesús Gamero","",-5.998759,37.406097,"Villanueva y Jiménez vienen a hablar con el periodista quien entrevistó al Hermano Mayor","Villanueva and Jiménez talk to the journalist who interviewed Hermano Mayor","Villanueva, Jiménez, Jesús Gamero","Real","Investigador","Business",1,28,62
"Muñoz Gijón","Sevilla Este","Sevilla",29,298,"Las grúas de la esclusa","",-5.994721,37.355001,"El quinto y sexto cuerpo se estan descubierto, colgado por la grúa y muerto por la asfixiación debido a una tarta vegetal","The fifth and sixth body are found here, hung by a crane and suffocated by a vegetable pie","Luis Márquez Cavaleri (V5)","Real","Cuerpo","Exterior",1,29,63
"Muñoz Gijón","Sevilla Este","Sevilla",29,298,"Las grúas de la esclusa","",-5.994721,37.355001,"El quinto y sexto cuerpo se estan descubierto, colgado por la grúa y muerto por la asfixiación debido a una tarta vegetal","The fifth and sixth body are found here, hung by a crane and suffocated by a vegetable pie","Juan Llamas Carmona (V6)","Real","Cuerpo","Exterior",1,30,63
"Muñoz Gijón","Sevilla Este","Sevilla",30,304,"Tanatorio del (hospital) Virgen del Rocío","https://www.diariodesevilla.es/2018/12/08/sevilla/hospital-Virgen-Rocio-Sevilla_1307579815_92304075_667x375.jpg",-5.979752,37.362094,"Villanueva y Jiménez aprenden cómo mueron los últimas víctimas y quienes eran","Villanueva and Jiménez learn about the cause of death and the identities of the latest victims","Villanueva, Jiménez, Antonio Povedano","Real","Investigador","Municipal",1,31,64
"Muñoz Gijón","Sevilla Este","Sevilla",31,310,"La hemeroteca","",-5.988632,37.392799,"Villanueva repasa todos los periódicos desde 1980, buscando alguna pista","Villanueva goes over all the old newspaper articles since 1980","Villanueva","Real","Pista","Municipal",1,32,65
"Muñoz Gijón","Sevilla Este","Sevilla",31,310,"Bar Tremendo","http://sevilla.abc.es/Media/201412/12/bar-tremendo-cervezas3--644x362.jpg",-5.988707,37.392967,"Jiménez toma una cerveza en el tremendo mientas Villanueva va en la hemeroteca","Jiménez drinks a beer at Tremendo while Villanueva is at the archives","Jiménez","Real","Descanso","Bar Restaurant",1,33,65
"Muñoz Gijón","Sevilla Este","Sevilla",33,326,"Muebles Quealta en Dos Hermanas","",-5.931972,37.275925,"Villanueva y Jiménez hablan con el dueño de muebles quealta sobre el acidente en el año 2000","Villanueva and Jiménez talk to the owner of muebles quealta about the accident in 2000","Villanueva, Jiménez, don Rafael","Semi-real","Investigador","Business",1,34,69
"Muñoz Gijón","Sevilla Este","Sevilla",35,342,"Palacio de la condesa del Arsa","",-5.993689,37.392248,"Villanueva y Jiménez vienen a preguntar a la condesa más informacion sobre el terreno en su nombre","Villanueva and Jiménez come to talk to the countess about the land in her name","Villanueva, Jiménez, Condesa del Arsa","Semi-real","Investigador","Home",1,35,72
"Muñoz Gijón","Sevilla Este","Sevilla",37,362,"Puente de los bomberos","",-5.984333,37.384871,"Villanueva y Jiménez buscan el punto desde cual uno puede ver diez señales","Villanueva and Jiménez look for the point from which they can see 10 signs","Villanueva, Jiménez","Fictional","Cuerpo","Home",5,36,76
"Muñoz Gijón","Sevilla Este","Sevilla",38,368,"El Punto bodega","",-5.985173,37.393462,"Villanueva se está invitado a reunir con el Hermano Mayor y miembros de Serva la Bari","Villanueva is invited to have a drink with Hermano Mayor and members of Serva la Bari","Villanueva, Barbudo, Hermano Mayor, Serva la Bari","Real","Investigador","Business",1,37,78
"Muñoz Gijón","Sevilla Este","Sevilla",39,386,"Los puntos cardinales de la Campana -- calle Campana, streetview has a clock face","",-5.994817,37.392774,"El septimo cuerpo esta descubierto aqui, la de un empresario de la noche sevillana","The seventh body is found here, the owner of a sevillan nightclub","Javier Sánchez (V7)","Real","Cuerpo","Municipal",1,38,81
"Muñoz Gijón","Sevilla Este","Sevilla",41,398,"Bar Casa Ricardo","",-5.995879,37.397578,"Villanueva descansa aquí y come unas croquetas","Villanueva takes a break here, and tries some croquettes","Villanueva","Real","Descanso","Bar Restaurant",1,39,84
"Muñoz Gijón","Sevilla Este","Sevilla",42,408,"El hotel HABA Triana","https://d.otcdn.com/imglib/hotelfotos/8/155/hotel-ribera-de-triana-sevilla-032.jpg",-6.007477,37.389134,"Villanueva y Jiménez discuten el caso hasta ya","Villanueva and Jiménez discuss the case so far","Villanueva, Jiménez","Real","Investigador","Hotel",1,40,86
"Muñoz Gijón","Sevilla Este","Sevilla",43,414,"El hotel HABA Triana","https://d.otcdn.com/imglib/hotelfotos/8/155/hotel-ribera-de-triana-sevilla-032.jpg",-6.007477,37.389134,"Villanueva se da cuenta de quien es el responsable para los asesinatos","Villanueva realizes who is responsible for the murders","Villanueva","Real","Pista","Hotel",1,41,87
"Muñoz Gijón","Sevilla Este","Sevilla",45,422,"Fuera de FIBES","",-5.932821,37.404194,"Villanueva y Jiménez vienen a FIBES ","Villanueva and Jiménez come to FIBES","Villanueva, Jiménez","Real","Investigador","Exterior",1,42,89
"Muñoz Gijón","Sevilla Este","Sevilla",46,434,"Dentro de FIBES","",-5.932821,37.404194,"Villanueva y Jiménez entran en FIBES y intentan averiguar que estan haciendo Serva la Bari ","Villanueva and Jiménez enter FIBES and try to figure out what Serva la Bari is trying to do","Villanueva, Jiménez, Serva la Bari","Semi-real","Investigador","Municipal",1,43,92
"Muñoz Gijón","Sevilla Este","Sevilla",47,442,"Dentro de FIBES","",-5.932821,37.404194,"Villanueva afronta a los Hermanos Mayores y dispara a Barbudo, cuando entra José Manuel Poto","Villanueva confronts the Hermano Mayores, and shoots Barbudo when José Manuel Poto enters","Villanueva, Barbudo, Serva la Bari, Hermano Mayor, José Manuel Poto, Barbudo","Semi-real","Investigador","Municipal",1,44,93
"Muñoz Gijón","Sevilla Este","Sevilla",48,462,"Dentro de FIBES","",-5.932821,37.404194,"Jiménez tiene que escoger entre salvar a Sevilla y parar la máquina o ayudar a la mision de Serva la Bari","Jiménez has to choose between saving the city and letting Serva la Bari achieve their plan","Villanueva, Jiménez, Serva la Bari, Hermano Mayor, José Manuel Poto","Semi-real","Investigador","Municipal",1,45,97
"Muñoz Gijón","Sevilla Este","Sevilla",49,474,"Hospital Virgen del Rocío","https://www.diariodesevilla.es/2018/12/08/sevilla/hospital-Virgen-Rocio-Sevilla_1307579815_92304075_667x375.jpg",-5.980586,37.361769,"Jiménez viene a ver Villanueva y José Manuel Poto","Jiménez pays Villanueva and Poto a visit in the hospital","Villanueva, Jiménez, José Manuel Poto","Real","Descanso","Municipal",1,46,100
